specification,term,estimate,se_cluster,p_cluster,ci95_lo,ci95_hi,N,G,weight,cluster,estimator,dropped_economy
ROBUSTNESS_LOO_2021,dig_x_lowcov,-0.017558000447597092,0.004939211545614308,0.00037824012978285304,-0.027238855077001134,-0.007877145818193048,95713,92,w_equal,economy,WLS LPM,ALB
ROBUSTNESS_LOO_2021,dig_x_lowcov,-0.018026883572933156,0.005101084252839986,0.0004094267953097239,-0.028025008708499527,-0.008028758437366786,95712,92,w_equal,economy,WLS LPM,ARG
ROBUSTNESS_LOO_2021,dig_x_lowcov,-0.016676619721447575,0.004992499817924935,0.0008367751715970441,-0.02646191936458045,-0.006891320078314703,95726,92,w_equal,economy,WLS LPM,ARM
ROBUSTNESS_LOO_2021,dig_x_lowcov,-0.0173799347761052,0.004941017630915569,0.00043566382470221936,-0.027064329332699713,-0.007695540219510686,95712,92,w_equal,economy,WLS LPM,AZE
ROBUSTNESS_LOO_2021,dig_x_lowcov,-0.017253960366654206,0.00504430794374216,0.0006251046172666897,-0.02714080393638884,-0.007367116796919572,95712,92,w_equal,economy,WLS LPM,BEN
ROBUSTNESS_LOO_2021,dig_x_lowcov,-0.017586587854375387,0.005034408874320258,0.0004771301941630463,-0.02745402924804309,-0.007719146460707682,95716,92,w_equal,economy,WLS LPM,BFA
ROBUSTNESS_LOO_2021,dig_x_lowcov,-0.017376024342119267,0.005033235946834637,0.0005559178280663354,-0.027241166797915155,-0.007510881886323378,95712,92,w_equal,economy,WLS LPM,BGD
ROBUSTNESS_LOO_2021,dig_x_lowcov,-0.01747041609777431,0.0049971084492641885,0.0004721027953718139,-0.027264748658332116,-0.007676083537216499,95732,92,w_equal,economy,WLS LPM,BGR
ROBUSTNESS_LOO_2021,dig_x_lowcov,-0.01736394919465444,0.0049382061847234975,0.000437694750852877,-0.027042833316712492,-0.007685065072596383,95718,92,w_equal,economy,WLS LPM,BIH
ROBUSTNESS_LOO_2021,dig_x_lowcov,-0.017710287174675977,0.004925569657499336,0.00032366776590517894,-0.027364403703374673,-0.008056170645977278,95718,92,w_equal,economy,WLS LPM,BOL
ROBUSTNESS_LOO_2021,dig_x_lowcov,-0.01720554415399665,0.005004282064887811,0.0005856721326752694,-0.02701393700117676,-0.007397151306816539,95733,92,w_equal,economy,WLS LPM,BRA
ROBUSTNESS_LOO_2021,dig_x_lowcov,-0.017734231532960235,0.004924083374634633,0.0003163505171749126,-0.027385434947244117,-0.008083028118676354,95717,92,w_equal,economy,WLS LPM,BWA
ROBUSTNESS_LOO_2021,dig_x_lowcov,-0.017396581615549366,0.005043818044061596,0.0005624795094713035,-0.027282464981910094,-0.007510698249188638,93281,92,w_equal,economy,WLS LPM,CHN
ROBUSTNESS_LOO_2021,dig_x_lowcov,-0.016955147879047384,0.0049302412306255336,0.0005838461110846614,-0.02661842069107343,-0.007291875067021338,95716,92,w_equal,economy,WLS LPM,CIV
ROBUSTNESS_LOO_2021,dig_x_lowcov,-0.017429192450434203,0.004932598296781376,0.00041014126684774116,-0.0270970851121257,-0.007761299788742706,95722,92,w_equal,economy,WLS LPM,CMR
ROBUSTNESS_LOO_2021,dig_x_lowcov,-0.016905557502121298,0.004991751983324433,0.0007073915656938283,-0.026689391389437187,-0.007121723614805408,95716,92,w_equal,economy,WLS LPM,COD
ROBUSTNESS_LOO_2021,dig_x_lowcov,-0.016965541188993283,0.004965210248853915,0.0006334255669615133,-0.02669735327674696,-0.00723372910123961,95732,92,w_equal,economy,WLS LPM,COG
ROBUSTNESS_LOO_2021,dig_x_lowcov,-0.017229265401487465,0.005038219769728165,0.0006268724566276545,-0.027104176150154667,-0.007354354652820262,95720,92,w_equal,economy,WLS LPM,COL
ROBUSTNESS_LOO_2021,dig_x_lowcov,-0.01775709839965657,0.0049648864839545994,0.0003481765408753384,-0.027488275908207585,-0.008025920891105556,95728,92,w_equal,economy,WLS LPM,COM
ROBUSTNESS_LOO_2021,dig_x_lowcov,-0.017893083099310376,0.005029972892506684,0.0003746973602386155,-0.02775182996862348,-0.008034336229997276,95719,92,w_equal,economy,WLS LPM,CRI
ROBUSTNESS_LOO_2021,dig_x_lowcov,-0.015566031464733612,0.004793753190330454,0.001165672966495919,-0.024961787717781302,-0.006170275211685922,95761,92,w_equal,economy,WLS LPM,DOM
ROBUSTNESS_LOO_2021,dig_x_lowcov,-0.01693999956701208,0.00499953183991077,0.000703228946751738,-0.02673908197323719,-0.007140917160786971,95716,92,w_equal,economy,WLS LPM,DZA
ROBUSTNESS_LOO_2021,dig_x_lowcov,-0.01698925113733419,0.005014550942427079,0.0007040669355492325,-0.026817770984491264,-0.007160731290177115,95719,92,w_equal,economy,WLS LPM,ECU
ROBUSTNESS_LOO_2021,dig_x_lowcov,-0.01721873063391783,0.004932800824457067,0.0004818289672388897,-0.02688702024985368,-0.0075504410179819785,95710,92,w_equal,economy,WLS LPM,EGY
ROBUSTNESS_LOO_2021,dig_x_lowcov,-0.01675965097463145,0.004959800907064761,0.0007272420458187485,-0.02648086075247838,-0.007038441196784517,95713,92,w_equal,economy,WLS LPM,ETH
ROBUSTNESS_LOO_2021,dig_x_lowcov,-0.017079171018661278,0.004924704601530657,0.0005242302365183132,-0.026731592037661366,-0.0074267499996611905,95709,92,w_equal,economy,WLS LPM,GAB
ROBUSTNESS_LOO_2021,dig_x_lowcov,-0.017211325950129898,0.005145130392864623,0.000822327204854194,-0.027295781520144557,-0.007126870380115237,95712,92,w_equal,economy,WLS LPM,GEO
ROBUSTNESS_LOO_2021,dig_x_lowcov,-0.017399190434456452,0.004934131114216341,0.00042142096562821014,-0.027070087418320482,-0.007728293450592423,95721,92,w_equal,economy,WLS LPM,GHA
ROBUSTNESS_LOO_2021,dig_x_lowcov,-0.017913522711047423,0.0050041803823157645,0.0003439735828117431,-0.027721716260386324,-0.008105329161708525,95720,92,w_equal,economy,WLS LPM,GIN
ROBUSTNESS_LOO_2021,dig_x_lowcov,-0.01729810547410194,0.005016854532852859,0.00056475776969566,-0.027131140358493545,-0.007465070589710335,95719,92,w_equal,economy,WLS LPM,GMB
ROBUSTNESS_LOO_2021,dig_x_lowcov,-0.017453140549871987,0.004935842270001483,0.00040623398220348243,-0.027127391399074892,-0.007778889700669081,95717,92,w_equal,economy,WLS LPM,GTM
ROBUSTNESS_LOO_2021,dig_x_lowcov,-0.017440914219867796,0.00493497578214671,0.00040909838974907263,-0.027113466752875348,-0.007768361686860245,95722,92,w_equal,economy,WLS LPM,HND
ROBUSTNESS_LOO_2021,dig_x_lowcov,-0.01740384166624157,0.004970442066981077,0.0004627032942033521,-0.02714590811752448,-0.007661775214958658,95727,92,w_equal,economy,WLS LPM,HRV
ROBUSTNESS_LOO_2021,dig_x_lowcov,-0.017503336080515797,0.004940569194436727,0.0003959370034259104,-0.02718685170161178,-0.007819820459419813,95650,92,w_equal,economy,WLS LPM,IDN
ROBUSTNESS_LOO_2021,dig_x_lowcov,-0.01793743491452714,0.004922043307839344,0.0002681136547398088,-0.027584639797892253,-0.008290230031162025,93737,92,w_equal,economy,WLS LPM,IND
ROBUSTNESS_LOO_2021,dig_x_lowcov,-0.017318208821746645,0.004945557655290606,0.0004621772228969256,-0.02701150182611623,-0.007624915817377056,95706,92,w_equal,economy,WLS LPM,IRN
ROBUSTNESS_LOO_2021,dig_x_lowcov,-0.01726294552407068,0.004987610374260768,0.0005378418256740722,-0.027038661857621785,-0.007487229190519576,95701,92,w_equal,economy,WLS LPM,IRQ
ROBUSTNESS_LOO_2021,dig_x_lowcov,-0.017662437876383795,0.004955895749424245,0.0003653511951154306,-0.027375993545255314,-0.007948882207512276,95703,92,w_equal,economy,WLS LPM,JOR
ROBUSTNESS_LOO_2021,dig_x_lowcov,-0.016868467024508258,0.004935241474506266,0.0006309195238941569,-0.02654154031454054,-0.007195393734475978,95739,92,w_equal,economy,WLS LPM,KAZ
ROBUSTNESS_LOO_2021,dig_x_lowcov,-0.017471904940717282,0.0049357846321439955,0.00040036443633454895,-0.027146042819719513,-0.00779776706171505,95717,92,w_equal,economy,WLS LPM,KEN
ROBUSTNESS_LOO_2021,dig_x_lowcov,-0.017380836492637688,0.004934291966337788,0.00042756469157798245,-0.02705204874665975,-0.007709624238615624,95715,92,w_equal,economy,WLS LPM,KGZ
ROBUSTNESS_LOO_2021,dig_x_lowcov,-0.01758520577686521,0.004931672017338753,0.00036279010088990633,-0.027251282930849163,-0.007919128622881256,95721,92,w_equal,economy,WLS LPM,KHM
ROBUSTNESS_LOO_2021,dig_x_lowcov,-0.017410953180457166,0.004957888851712917,0.0004451371549231191,-0.027128415329814484,-0.007693491031099849,95715,92,w_equal,economy,WLS LPM,LAO
ROBUSTNESS_LOO_2021,dig_x_lowcov,-0.017230412799615128,0.00494310875243698,0.0004907700036407874,-0.026918905954391607,-0.007541919644838647,95693,92,w_equal,economy,WLS LPM,LBN
ROBUSTNESS_LOO_2021,dig_x_lowcov,-0.017902572268417523,0.005019846692724403,0.0003619762929881192,-0.02774147178615735,-0.008063672750677695,95736,92,w_equal,economy,WLS LPM,LBR
ROBUSTNESS_LOO_2021,dig_x_lowcov,-0.017230682515400796,0.004940692520312351,0.00048755252037101276,-0.026914439855213003,-0.0075469251755885865,95710,92,w_equal,economy,WLS LPM,LKA
ROBUSTNESS_LOO_2021,dig_x_lowcov,-0.01729251070056182,0.004935840360380939,0.00045925861793560214,-0.02696675780690846,-0.007618263594215181,95715,92,w_equal,economy,WLS LPM,MAR
ROBUSTNESS_LOO_2021,dig_x_lowcov,-0.01694995582303964,0.0049432608726585996,0.0006060288837953895,-0.026638747133450495,-0.007261164512628784,95724,92,w_equal,economy,WLS LPM,MDA
ROBUSTNESS_LOO_2021,dig_x_lowcov,-0.017787715167471106,0.00497401020756467,0.00034871613258243494,-0.02753677517429786,-0.008038655160644352,95717,92,w_equal,economy,WLS LPM,MDG
ROBUSTNESS_LOO_2021,dig_x_lowcov,-0.01791362193573604,0.005130005117794233,0.0004795427959769414,-0.027968431966612736,-0.007858811904859342,95713,92,w_equal,economy,WLS LPM,MEX
ROBUSTNESS_LOO_2021,dig_x_lowcov,-0.018218462541051583,0.005037070007254925,0.0002981789330723712,-0.028091119755271236,-0.00834580532683193,95712,92,w_equal,economy,WLS LPM,MKD
ROBUSTNESS_LOO_2021,dig_x_lowcov,-0.018106854013510042,0.004991440232882948,0.00028608897950895283,-0.02789007686996062,-0.008323631157059464,95717,92,w_equal,economy,WLS LPM,MLI
ROBUSTNESS_LOO_2021,dig_x_lowcov,-0.017385760801638762,0.004933666660588186,0.00042524052358723413,-0.027055747456391607,-0.007715774146885918,95711,92,w_equal,economy,WLS LPM,MNG
ROBUSTNESS_LOO_2021,dig_x_lowcov,-0.01740278695805259,0.0050143759366915765,0.0005193378831673434,-0.027230963793968076,-0.0075746101221371,95766,92,w_equal,economy,WLS LPM,MOZ
ROBUSTNESS_LOO_2021,dig_x_lowcov,-0.018692011572399823,0.004825054185530131,0.00010708603843717747,-0.02814911777603888,-0.009234905368760767,95729,92,w_equal,economy,WLS LPM,MRT
ROBUSTNESS_LOO_2021,dig_x_lowcov,-0.01790713553201379,0.005047925821177763,0.00038901729105873307,-0.0278010701415222,-0.008013200922505374,95713,92,w_equal,economy,WLS LPM,MUS
ROBUSTNESS_LOO_2021,dig_x_lowcov,-0.01741339924837204,0.004927942362788907,0.0004099340183481623,-0.0270721662794383,-0.007754632217305784,95716,92,w_equal,economy,WLS LPM,MWI
ROBUSTNESS_LOO_2021,dig_x_lowcov,-0.01850505885583492,0.004902538394407811,0.00016027281530054438,-0.028114034108874232,-0.008896083602795613,95730,92,w_equal,economy,WLS LPM,MYS
ROBUSTNESS_LOO_2021,dig_x_lowcov,-0.017240027356265186,0.004958168344345397,0.0005068762801563279,-0.02695803731118216,-0.007522017401348209,95720,92,w_equal,economy,WLS LPM,NAM
ROBUSTNESS_LOO_2021,dig_x_lowcov,-0.0173445229245386,0.004963885129314921,0.0004755867599175059,-0.027073737777995845,-0.007615308071081354,95724,92,w_equal,economy,WLS LPM,NER
ROBUSTNESS_LOO_2021,dig_x_lowcov,-0.017187149648403566,0.004972334763445152,0.0005471271096330217,-0.026932925784756062,-0.007441373512051068,95720,92,w_equal,economy,WLS LPM,NGA
ROBUSTNESS_LOO_2021,dig_x_lowcov,-0.01737480222585388,0.004941160545861034,0.0004375397010218795,-0.027059476895741508,-0.007690127555966252,95717,92,w_equal,economy,WLS LPM,NIC
ROBUSTNESS_LOO_2021,dig_x_lowcov,-0.01748885507903653,0.0050040442981305186,0.00047416105810032903,-0.027296781903372345,-0.007680928254700712,95711,92,w_equal,economy,WLS LPM,NPL
ROBUSTNESS_LOO_2021,dig_x_lowcov,-0.017275882325149376,0.004968885375388773,0.0005074127038077441,-0.02701489766091137,-0.007536866989387381,95718,92,w_equal,economy,WLS LPM,PAK
ROBUSTNESS_LOO_2021,dig_x_lowcov,-0.018010370592097567,0.004963530574929786,0.00028502829020434834,-0.027738890518959947,-0.008281850665235187,95728,92,w_equal,economy,WLS LPM,PAN
ROBUSTNESS_LOO_2021,dig_x_lowcov,-0.016812703750005955,0.005133741132930368,0.0010568372036618451,-0.026874836370549476,-0.006750571129462434,95715,92,w_equal,economy,WLS LPM,PER
ROBUSTNESS_LOO_2021,dig_x_lowcov,-0.018257113885827868,0.004927272337969934,0.00021112517659794262,-0.027914567668248937,-0.008599660103406797,95712,92,w_equal,economy,WLS LPM,PHL
ROBUSTNESS_LOO_2021,dig_x_lowcov,-0.01739874970510388,0.004990050695173777,0.0004890415863638292,-0.027179249067644483,-0.007618250342563276,95739,92,w_equal,economy,WLS LPM,POL
ROBUSTNESS_LOO_2021,dig_x_lowcov,-0.01755897172353383,0.004947057603036588,0.0003861440364523215,-0.027255204625485543,-0.007862738821582118,95714,92,w_equal,economy,WLS LPM,PRY
ROBUSTNESS_LOO_2021,dig_x_lowcov,-0.01742864492584386,0.004950369486363843,0.00043044891931741234,-0.02713136911911699,-0.007725920732570729,95712,92,w_equal,economy,WLS LPM,PSE
ROBUSTNESS_LOO_2021,dig_x_lowcov,-0.017473953368606434,0.00493829675359472,0.0004024720083286289,-0.027153015005652086,-0.007794891731560784,95743,92,w_equal,economy,WLS LPM,ROU
ROBUSTNESS_LOO_2021,dig_x_lowcov,-0.017016155859759116,0.004935574160046335,0.0005654762938049905,-0.026689881213449933,-0.007342430506068299,95693,92,w_equal,economy,WLS LPM,SAU
ROBUSTNESS_LOO_2021,dig_x_lowcov,-0.01736623706582441,0.005013706512847553,0.0005326969419385582,-0.027193101831005616,-0.007539372300643207,95721,92,w_equal,economy,WLS LPM,SEN
ROBUSTNESS_LOO_2021,dig_x_lowcov,-0.016548123763615592,0.004936748671330382,0.00080221670729859,-0.026224151159423142,-0.006872096367808044,95714,92,w_equal,economy,WLS LPM,SLE
ROBUSTNESS_LOO_2021,dig_x_lowcov,-0.017740715237611213,0.004918638654985348,0.00030995530034874874,-0.027381247001382496,-0.00810018347383993,95720,92,w_equal,economy,WLS LPM,SLV
ROBUSTNESS_LOO_2021,dig_x_lowcov,-0.017497857398215688,0.005030055886959822,0.000503926316494882,-0.027356766936656937,-0.0076389478597744375,95718,92,w_equal,economy,WLS LPM,SRB
ROBUSTNESS_LOO_2021,dig_x_lowcov,-0.017619161397153162,0.004931060838424064,0.0003527832642234819,-0.027284040640464326,-0.007954282153841998,95724,92,w_equal,economy,WLS LPM,SWZ
ROBUSTNESS_LOO_2021,dig_x_lowcov,-0.019696669442386516,0.004454521788148305,9.791612168320055e-06,-0.028427532147157195,-0.01096580673761584,95741,92,w_equal,economy,WLS LPM,TCD
ROBUSTNESS_LOO_2021,dig_x_lowcov,-0.01743745570486166,0.004990375648364331,0.0004754542906961172,-0.027218591975655747,-0.007656319434067572,95725,92,w_equal,economy,WLS LPM,TGO
ROBUSTNESS_LOO_2021,dig_x_lowcov,-0.01726101821083058,0.004936554651003173,0.00047127749526178106,-0.026936665326796803,-0.007585371094864362,95725,92,w_equal,economy,WLS LPM,THA
ROBUSTNESS_LOO_2021,dig_x_lowcov,-0.017475154514232955,0.004931892005595919,0.0003951585076390056,-0.027141662845200955,-0.007808646183264954,95712,92,w_equal,economy,WLS LPM,TJK
ROBUSTNESS_LOO_2021,dig_x_lowcov,-0.017480610969509473,0.004936103323266731,0.00039804189214196525,-0.027155373483112265,-0.007805848455906681,95714,92,w_equal,economy,WLS LPM,TUN
ROBUSTNESS_LOO_2021,dig_x_lowcov,-0.015556218709548089,0.004665100920416652,0.0008542394559535614,-0.024699816513564725,-0.006412620905531451,95736,92,w_equal,economy,WLS LPM,TUR
ROBUSTNESS_LOO_2021,dig_x_lowcov,-0.01713687634265141,0.005014372780247455,0.0006318717871520414,-0.02696504699193642,-0.007308705693366398,95712,92,w_equal,economy,WLS LPM,TZA
ROBUSTNESS_LOO_2021,dig_x_lowcov,-0.018475335913983277,0.004907961538990323,0.00016697593786194528,-0.02809494053040431,-0.008855731297562244,95716,92,w_equal,economy,WLS LPM,UGA
ROBUSTNESS_LOO_2021,dig_x_lowcov,-0.017130734211363716,0.004944080362978702,0.0005304325994212949,-0.02682113172280197,-0.007440336699925462,95727,92,w_equal,economy,WLS LPM,UKR
ROBUSTNESS_LOO_2021,dig_x_lowcov,-0.017480259980357526,0.00493146810784259,0.00039315544083942997,-0.027145937471729005,-0.007814582488986048,95712,92,w_equal,economy,WLS LPM,UZB
ROBUSTNESS_LOO_2021,dig_x_lowcov,-0.017401984484704328,0.0049268454434538665,0.00041231339046622867,-0.027058601553873907,-0.00774536741553475,95712,92,w_equal,economy,WLS LPM,VEN
ROBUSTNESS_LOO_2021,dig_x_lowcov,-0.01778837349119136,0.00492938190555916,0.0003078042824698529,-0.027449962026087314,-0.008126784956295409,95715,92,w_equal,economy,WLS LPM,VNM
ROBUSTNESS_LOO_2021,dig_x_lowcov,-0.017422857593611497,0.004925493939568102,0.0004042688440494623,-0.027076825715164975,-0.007768889472058017,95718,92,w_equal,economy,WLS LPM,XKX
ROBUSTNESS_LOO_2021,dig_x_lowcov,-0.0172552840570842,0.004956242904887933,0.0004985670591625878,-0.02696952015066455,-0.007541047963503852,95718,92,w_equal,economy,WLS LPM,ZAF
ROBUSTNESS_LOO_2021,dig_x_lowcov,-0.017346580555740163,0.00500518760703871,0.0005288129957451517,-0.027156748265536032,-0.007536412845944291,95728,92,w_equal,economy,WLS LPM,ZMB
ROBUSTNESS_LOO_2021,dig_x_lowcov,-0.017667468631472873,0.004921096843109427,0.00033048957770039864,-0.027312818443967348,-0.008022118818978397,95711,92,w_equal,economy,WLS LPM,ZWE
ROBUSTNESS_LOO_2024,dig_x_lowcov,-0.016194397650590307,0.005991608699236068,0.0068748519833326345,-0.027937950701093,-0.004450844600087614,96850,92,w_equal,economy,WLS LPM,ALB
ROBUSTNESS_LOO_2024,dig_x_lowcov,-0.017376950024384934,0.006040222741993582,0.004016379838132114,-0.029215786598692353,-0.005538113450077514,96852,92,w_equal,economy,WLS LPM,ARG
ROBUSTNESS_LOO_2024,dig_x_lowcov,-0.01499455943901031,0.006029923252320507,0.012893712210592285,-0.026813209013558503,-0.0031759098644621175,96851,92,w_equal,economy,WLS LPM,ARM
ROBUSTNESS_LOO_2024,dig_x_lowcov,-0.01595414086656942,0.006004989359415694,0.007888291025968682,-0.02772392001102418,-0.004184361722114659,96852,92,w_equal,economy,WLS LPM,AZE
ROBUSTNESS_LOO_2024,dig_x_lowcov,-0.01612440986936609,0.006114925240212448,0.008366896436713454,-0.028109663340182486,-0.004139156398549691,96847,92,w_equal,economy,WLS LPM,BEN
ROBUSTNESS_LOO_2024,dig_x_lowcov,-0.015995989959021864,0.006106982961643212,0.008811171295893443,-0.027965676563842558,-0.00402630335420117,96847,92,w_equal,economy,WLS LPM,BFA
ROBUSTNESS_LOO_2024,dig_x_lowcov,-0.015595344286287576,0.006060358031976232,0.010072304411136934,-0.02747364602896099,-0.0037170425436141626,96848,92,w_equal,economy,WLS LPM,BGD
ROBUSTNESS_LOO_2024,dig_x_lowcov,-0.01660290838179424,0.006021572775519958,0.005829193289638855,-0.02840519102181336,-0.004800625741775123,96853,92,w_equal,economy,WLS LPM,BGR
ROBUSTNESS_LOO_2024,dig_x_lowcov,-0.016098193494052178,0.0059794916233006,0.007097502651477153,-0.027817997075721357,-0.004378389912383001,96865,92,w_equal,economy,WLS LPM,BIH
ROBUSTNESS_LOO_2024,dig_x_lowcov,-0.016251608550975995,0.0059878160793136095,0.006645352475750553,-0.02798772806643067,-0.0045154890355213195,96860,92,w_equal,economy,WLS LPM,BOL
ROBUSTNESS_LOO_2024,dig_x_lowcov,-0.015771422729924982,0.006069091816706747,0.009359216544760143,-0.027666842690670206,-0.003876002769179758,96872,92,w_equal,economy,WLS LPM,BRA
ROBUSTNESS_LOO_2024,dig_x_lowcov,-0.016138068359159846,0.0059912929200954,0.007068770741283322,-0.02788100248254683,-0.004395134235772863,96852,92,w_equal,economy,WLS LPM,BWA
ROBUSTNESS_LOO_2024,dig_x_lowcov,-0.01596237215075193,0.006094083951600412,0.008810457057140151,-0.027906776695888737,-0.004017967605615123,93838,92,w_equal,economy,WLS LPM,CHN
ROBUSTNESS_LOO_2024,dig_x_lowcov,-0.01571468019040779,0.005995143324625424,0.008761181709342512,-0.02746516110667362,-0.003964199274141957,96851,92,w_equal,economy,WLS LPM,CIV
ROBUSTNESS_LOO_2024,dig_x_lowcov,-0.016007404529746146,0.005975664535130073,0.00738941044230257,-0.02771970701860109,-0.004295102040891202,96853,92,w_equal,economy,WLS LPM,CMR
ROBUSTNESS_LOO_2024,dig_x_lowcov,-0.015682522087268717,0.0060926806133435,0.010053207647073589,-0.027624176089421977,-0.0037408680851154577,96848,92,w_equal,economy,WLS LPM,COD
ROBUSTNESS_LOO_2024,dig_x_lowcov,-0.015614621430489178,0.006028133600835254,0.009589477509317445,-0.027429763288126276,-0.0037994795728520814,96850,92,w_equal,economy,WLS LPM,COG
ROBUSTNESS_LOO_2024,dig_x_lowcov,-0.01600193059525922,0.006120232048802938,0.008933320737178717,-0.02799758541091298,-0.004006275779605464,96852,92,w_equal,economy,WLS LPM,COL
ROBUSTNESS_LOO_2024,dig_x_lowcov,-0.01724815982586498,0.005925919210974234,0.0036070056889777225,-0.028862961479374477,-0.005633358172355482,96905,92,w_equal,economy,WLS LPM,COM
ROBUSTNESS_LOO_2024,dig_x_lowcov,-0.017055905811032845,0.006032615279921919,0.004694493733857435,-0.028879831759679807,-0.005231979862385884,96856,92,w_equal,economy,WLS LPM,CRI
ROBUSTNESS_LOO_2024,dig_x_lowcov,-0.012674360378571286,0.0052182168259826325,0.015146041458878596,-0.022902065357497246,-0.0024466553996453262,96872,92,w_equal,economy,WLS LPM,DOM
ROBUSTNESS_LOO_2024,dig_x_lowcov,-0.015672092098894422,0.006020169406489624,0.009234073667194394,-0.027471624135614083,-0.0038725600621747607,96844,92,w_equal,economy,WLS LPM,DZA
ROBUSTNESS_LOO_2024,dig_x_lowcov,-0.015410765685376105,0.006072851604179854,0.011159985667332553,-0.02731355482956862,-0.0035079765411835905,96853,92,w_equal,economy,WLS LPM,ECU
ROBUSTNESS_LOO_2024,dig_x_lowcov,-0.015615103579596001,0.005965133304977801,0.008851702283683822,-0.027306764857352492,-0.003923442301839513,96846,92,w_equal,economy,WLS LPM,EGY
ROBUSTNESS_LOO_2024,dig_x_lowcov,-0.01577026483046876,0.006061100693679793,0.009271392345793503,-0.027650022190081155,-0.003890507470856364,96846,92,w_equal,economy,WLS LPM,ETH
ROBUSTNESS_LOO_2024,dig_x_lowcov,-0.01576098724604278,0.0059781129541114225,0.0083778903373534,-0.02747808863610117,-0.004043885855984393,96852,92,w_equal,economy,WLS LPM,GAB
ROBUSTNESS_LOO_2024,dig_x_lowcov,-0.014470519109680736,0.006014326332803581,0.016127898040001917,-0.026258598721975755,-0.0026824394973857177,96854,92,w_equal,economy,WLS LPM,GEO
ROBUSTNESS_LOO_2024,dig_x_lowcov,-0.01593623680901359,0.005980147146491056,0.0077021073381691755,-0.027657325216136064,-0.004215148401891121,96849,92,w_equal,economy,WLS LPM,GHA
ROBUSTNESS_LOO_2024,dig_x_lowcov,-0.015704558418358362,0.006083038252074466,0.009831601057629267,-0.027627313392424316,-0.0037818034442924087,96847,92,w_equal,economy,WLS LPM,GIN
ROBUSTNESS_LOO_2024,dig_x_lowcov,-0.016336294629378124,0.006087863816367227,0.007287343976304654,-0.028268507709457887,-0.004404081549298359,96851,92,w_equal,economy,WLS LPM,GMB
ROBUSTNESS_LOO_2024,dig_x_lowcov,-0.016148309435724807,0.005985792351193696,0.006980500669195542,-0.02788046244406445,-0.004416156427385163,96861,92,w_equal,economy,WLS LPM,GTM
ROBUSTNESS_LOO_2024,dig_x_lowcov,-0.016001533057325316,0.005990816721429758,0.007562333043878007,-0.027743533831327643,-0.00425953228332299,96853,92,w_equal,economy,WLS LPM,HND
ROBUSTNESS_LOO_2024,dig_x_lowcov,-0.016491390192498845,0.00600235313309034,0.0060053798343603255,-0.02825600233335591,-0.004726778051641779,96856,92,w_equal,economy,WLS LPM,HRV
ROBUSTNESS_LOO_2024,dig_x_lowcov,-0.016134086626220144,0.005988442607894218,0.007055694440668986,-0.02787143413769281,-0.004396739114747477,96781,92,w_equal,economy,WLS LPM,IDN
ROBUSTNESS_LOO_2024,dig_x_lowcov,-0.01590927687337731,0.006023598732809211,0.008262314161426238,-0.027715530389683364,-0.004103023357071259,94847,92,w_equal,economy,WLS LPM,IND
ROBUSTNESS_LOO_2024,dig_x_lowcov,-0.01620705769722359,0.005990856672295365,0.006824296327579465,-0.027949136774922504,-0.0044649786195246725,96840,92,w_equal,economy,WLS LPM,IRN
ROBUSTNESS_LOO_2024,dig_x_lowcov,-0.01712148282149881,0.005988766885452353,0.0042506865471753025,-0.028859465916985422,-0.005383499726012198,96858,92,w_equal,economy,WLS LPM,IRQ
ROBUSTNESS_LOO_2024,dig_x_lowcov,-0.016163763029701135,0.0060090631263658816,0.0071473998888711325,-0.027941526757378262,-0.004385999302024008,96850,92,w_equal,economy,WLS LPM,JOR
ROBUSTNESS_LOO_2024,dig_x_lowcov,-0.015259118193897362,0.005971221076183299,0.010605257120901733,-0.02696271150321663,-0.0035555248845780957,96866,92,w_equal,economy,WLS LPM,KAZ
ROBUSTNESS_LOO_2024,dig_x_lowcov,-0.01612873595094396,0.005982438919800403,0.0070174827490852455,-0.02785431623375275,-0.004403155668135171,96848,92,w_equal,economy,WLS LPM,KEN
ROBUSTNESS_LOO_2024,dig_x_lowcov,-0.016086407552864633,0.005989914489495164,0.007240356905945231,-0.027826639952275155,-0.004346175153454111,96849,92,w_equal,economy,WLS LPM,KGZ
ROBUSTNESS_LOO_2024,dig_x_lowcov,-0.016605502287538335,0.00594697944182149,0.0052341566403956395,-0.028261581993508453,-0.004949422581568216,96847,92,w_equal,economy,WLS LPM,KHM
ROBUSTNESS_LOO_2024,dig_x_lowcov,-0.015633708710922133,0.005995222441247986,0.009115426217527305,-0.027384344695768184,-0.0038830727260760808,96848,92,w_equal,economy,WLS LPM,LAO
ROBUSTNESS_LOO_2024,dig_x_lowcov,-0.015711932513120516,0.005989866211912135,0.008713734642415597,-0.0274520702884683,-0.003971794737772731,96840,92,w_equal,economy,WLS LPM,LBN
ROBUSTNESS_LOO_2024,dig_x_lowcov,-0.015554781336709988,0.006079153374440852,0.01050618005505692,-0.027469921950614058,-0.003639640722805919,96847,92,w_equal,economy,WLS LPM,LBR
ROBUSTNESS_LOO_2024,dig_x_lowcov,-0.01611021073178719,0.005984984442169669,0.007107361573798056,-0.027840780238439743,-0.0043796412251346385,96847,92,w_equal,economy,WLS LPM,LKA
ROBUSTNESS_LOO_2024,dig_x_lowcov,-0.015804033286407206,0.0059758622201665544,0.0081776695810772,-0.027516723237933652,-0.004091343334880759,96839,92,w_equal,economy,WLS LPM,MAR
ROBUSTNESS_LOO_2024,dig_x_lowcov,-0.0157720115775629,0.006018358792641701,0.008776232874494666,-0.027567994811140632,-0.0039760283439851645,96852,92,w_equal,economy,WLS LPM,MDA
ROBUSTNESS_LOO_2024,dig_x_lowcov,-0.015968121258533436,0.006032939705129302,0.00812519607180821,-0.02779268308058687,-0.004143559436480003,96853,92,w_equal,economy,WLS LPM,MDG
ROBUSTNESS_LOO_2024,dig_x_lowcov,-0.01683154556537478,0.00619052857564089,0.006549565104650865,-0.028964981573630925,-0.004698109557118638,96803,92,w_equal,economy,WLS LPM,MEX
ROBUSTNESS_LOO_2024,dig_x_lowcov,-0.015741800435432607,0.006187156314252084,0.010950618764553185,-0.02786862681136669,-0.0036149740594985224,96851,92,w_equal,economy,WLS LPM,MKD
ROBUSTNESS_LOO_2024,dig_x_lowcov,-0.01652361644856734,0.006082846333870026,0.006599047000353371,-0.028445995262952592,-0.004601237634182092,96849,92,w_equal,economy,WLS LPM,MLI
ROBUSTNESS_LOO_2024,dig_x_lowcov,-0.01605337110702882,0.005990640741542799,0.00736789421836674,-0.027795026960452704,-0.004311715253604935,96848,92,w_equal,economy,WLS LPM,MNG
ROBUSTNESS_LOO_2024,dig_x_lowcov,-0.015855940958906054,0.006066310858588484,0.008954931311039279,-0.02774591024173948,-0.003965971676072625,96847,92,w_equal,economy,WLS LPM,MOZ
ROBUSTNESS_LOO_2024,dig_x_lowcov,-0.018292692294257017,0.0056201580727139756,0.0011345789996877577,-0.02930820211677641,-0.007277182471737625,96847,92,w_equal,economy,WLS LPM,MRT
ROBUSTNESS_LOO_2024,dig_x_lowcov,-0.016780139558943856,0.006186836306769955,0.00668316640982566,-0.02890633872021297,-0.004653940397674744,96851,92,w_equal,economy,WLS LPM,MUS
ROBUSTNESS_LOO_2024,dig_x_lowcov,-0.016024554716658097,0.005972992002156259,0.007300089808858191,-0.027731619040884364,-0.004317490392431829,96848,92,w_equal,economy,WLS LPM,MWI
ROBUSTNESS_LOO_2024,dig_x_lowcov,-0.016639498113115787,0.006070068712976734,0.006120830428706354,-0.028536832790550186,-0.004742163435681389,96852,92,w_equal,economy,WLS LPM,MYS
ROBUSTNESS_LOO_2024,dig_x_lowcov,-0.015945801948723644,0.006016957356838945,0.008045752906447903,-0.027739038368127977,-0.004152565529319311,96861,92,w_equal,economy,WLS LPM,NAM
ROBUSTNESS_LOO_2024,dig_x_lowcov,-0.01664550714551795,0.005998098478869898,0.00551795299243252,-0.028401780164102948,-0.0048892341269329495,96849,92,w_equal,economy,WLS LPM,NER
ROBUSTNESS_LOO_2024,dig_x_lowcov,-0.015764273985597176,0.00603143907623102,0.008957191773779826,-0.027585894575009977,-0.003942653396184376,96849,92,w_equal,economy,WLS LPM,NGA
ROBUSTNESS_LOO_2024,dig_x_lowcov,-0.016084190669686953,0.005991525761208878,0.007264056798749143,-0.027827581161656352,-0.004340800177717553,96726,92,w_equal,economy,WLS LPM,NIC
ROBUSTNESS_LOO_2024,dig_x_lowcov,-0.01578431876359335,0.006052684040447728,0.009112049253366917,-0.027647579482870895,-0.003921058044315804,96847,92,w_equal,economy,WLS LPM,NPL
ROBUSTNESS_LOO_2024,dig_x_lowcov,-0.016003575540145833,0.0060332352777576845,0.007988169428114563,-0.027828716684550895,-0.004178434395740772,96851,92,w_equal,economy,WLS LPM,PAK
ROBUSTNESS_LOO_2024,dig_x_lowcov,-0.016024113743074424,0.006082668533813163,0.008428891297235841,-0.027946144069348224,-0.004102083416800625,96844,92,w_equal,economy,WLS LPM,PAN
ROBUSTNESS_LOO_2024,dig_x_lowcov,-0.01587725076936304,0.006270070168593164,0.011334008467774066,-0.02816658829980564,-0.0035879132389204406,96851,92,w_equal,economy,WLS LPM,PER
ROBUSTNESS_LOO_2024,dig_x_lowcov,-0.015876300831836915,0.006042834622169671,0.00860670333645961,-0.02772025669128947,-0.004032344972384359,96849,92,w_equal,economy,WLS LPM,PHL
ROBUSTNESS_LOO_2024,dig_x_lowcov,-0.017049333009541107,0.0060540824286043115,0.004859975034363606,-0.028915334569605558,-0.005183331449476657,96853,92,w_equal,economy,WLS LPM,POL
ROBUSTNESS_LOO_2024,dig_x_lowcov,-0.015504015682338482,0.005998035967539283,0.00974217278210301,-0.027260166178715475,-0.003747865185961489,96851,92,w_equal,economy,WLS LPM,PRY
ROBUSTNESS_LOO_2024,dig_x_lowcov,-0.015750836839206913,0.0059887326108215766,0.008536515577587575,-0.027488752756417205,-0.004012920921996623,96851,92,w_equal,economy,WLS LPM,PSE
ROBUSTNESS_LOO_2024,dig_x_lowcov,-0.016092356874222197,0.005993405750201043,0.007252754559937834,-0.02783943214461624,-0.004345281603828152,96852,92,w_equal,economy,WLS LPM,ROU
ROBUSTNESS_LOO_2024,dig_x_lowcov,-0.01598935853024352,0.005997796443963245,0.0076788888218287,-0.02774503956041148,-0.004233677500075561,96831,92,w_equal,economy,WLS LPM,SAU
ROBUSTNESS_LOO_2024,dig_x_lowcov,-0.01681355685318971,0.00600489167221065,0.0051106293088926886,-0.028583144530722582,-0.005043969175656837,96848,92,w_equal,economy,WLS LPM,SEN
ROBUSTNESS_LOO_2024,dig_x_lowcov,-0.015968421793070387,0.006101526287298267,0.008867536051995964,-0.02792741331617499,-0.004009430269965784,96848,92,w_equal,economy,WLS LPM,SLE
ROBUSTNESS_LOO_2024,dig_x_lowcov,-0.016062058438430636,0.005991843141193288,0.007347844057904116,-0.02780607099516948,-0.004318045881691792,96852,92,w_equal,economy,WLS LPM,SLV
ROBUSTNESS_LOO_2024,dig_x_lowcov,-0.016468182107694143,0.0061606886941979406,0.007515220140377432,-0.028543131948322108,-0.00439323226706618,96857,92,w_equal,economy,WLS LPM,SRB
ROBUSTNESS_LOO_2024,dig_x_lowcov,-0.016310321807433078,0.0059789434522835696,0.006372723086154213,-0.028029050973908873,-0.004591592640957282,96811,92,w_equal,economy,WLS LPM,SWZ
ROBUSTNESS_LOO_2024,dig_x_lowcov,-0.01767604979560342,0.005836536927024033,0.0024575746000770273,-0.02911566217257052,-0.006236437418636316,96855,92,w_equal,economy,WLS LPM,TCD
ROBUSTNESS_LOO_2024,dig_x_lowcov,-0.01680334504927609,0.006003731580307808,0.005129022209189816,-0.028570658946679393,-0.0050360311518727885,96850,92,w_equal,economy,WLS LPM,TGO
ROBUSTNESS_LOO_2024,dig_x_lowcov,-0.016177925744724146,0.005987986693101021,0.006897966758563339,-0.02791437966320215,-0.004441471826246145,96860,92,w_equal,economy,WLS LPM,THA
ROBUSTNESS_LOO_2024,dig_x_lowcov,-0.015982684802436996,0.005994073798547775,0.007666512300701,-0.027731069447590635,-0.004234300157283358,96852,92,w_equal,economy,WLS LPM,TJK
ROBUSTNESS_LOO_2024,dig_x_lowcov,-0.016108419069311153,0.0059872362394673305,0.0071353607878237085,-0.02784340209866712,-0.004373436039955185,96849,92,w_equal,economy,WLS LPM,TUN
ROBUSTNESS_LOO_2024,dig_x_lowcov,-0.015841110851397368,0.006079269101858547,0.009167090747762795,-0.027756478291040117,-0.003925743411754617,96851,92,w_equal,economy,WLS LPM,TUR
ROBUSTNESS_LOO_2024,dig_x_lowcov,-0.015765366951514398,0.0060708706931732635,0.009407278654642264,-0.027664273510133994,-0.003866460392894802,96847,92,w_equal,economy,WLS LPM,TZA
ROBUSTNESS_LOO_2024,dig_x_lowcov,-0.01648079271269827,0.006050641111856825,0.006453375119875859,-0.028340049291937647,-0.004621536133458892,96849,92,w_equal,economy,WLS LPM,UGA
ROBUSTNESS_LOO_2024,dig_x_lowcov,-0.016113897994688674,0.005990659571852076,0.007148691894201052,-0.027855590755518744,-0.004372205233858605,96854,92,w_equal,economy,WLS LPM,UKR
ROBUSTNESS_LOO_2024,dig_x_lowcov,-0.0161602413692083,0.005982076098345308,0.0069039182334757945,-0.027885110521965104,-0.004435372216451499,96849,92,w_equal,economy,WLS LPM,UZB
ROBUSTNESS_LOO_2024,dig_x_lowcov,-0.01607529061174844,0.005978135693470685,0.007166341225141572,-0.02779243657095098,-0.004358144652545897,96848,92,w_equal,economy,WLS LPM,VEN
ROBUSTNESS_LOO_2024,dig_x_lowcov,-0.016622104251652565,0.005964029581269478,0.005318874098947522,-0.028311602230940744,-0.004932606272364389,96849,92,w_equal,economy,WLS LPM,VNM
ROBUSTNESS_LOO_2024,dig_x_lowcov,-0.01604053695728736,0.005981847180980647,0.00732850875663946,-0.027764957432009428,-0.004316116482565293,96851,92,w_equal,economy,WLS LPM,XKX
ROBUSTNESS_LOO_2024,dig_x_lowcov,-0.016438199722441097,0.006008242503824025,0.006220209187791997,-0.028214355029936185,-0.004662044414946009,96889,92,w_equal,economy,WLS LPM,ZAF
ROBUSTNESS_LOO_2024,dig_x_lowcov,-0.015994710585881693,0.006048833106503796,0.008186881648794268,-0.027850423474629134,-0.0041389976971342515,96849,92,w_equal,economy,WLS LPM,ZMB
ROBUSTNESS_LOO_2024,dig_x_lowcov,-0.016265572798497756,0.0059743207806392685,0.006477413418841189,-0.027975241528550722,-0.004555904068444791,96847,92,w_equal,economy,WLS LPM,ZWE
